"source_in_pptx","asset_file","converted"
"ppt/media/image1.png","assets/img/image1.png","no"
"ppt/media/image10.png","assets/img/image10.png","no"
"ppt/media/image100.png","assets/img/image100.png","no"
"ppt/media/image101.png","assets/img/image101.png","no"
"ppt/media/image102.png","assets/img/image102.png","no"
"ppt/media/image103.png","assets/img/image103.png","no"
"ppt/media/image104.png","assets/img/image104.png","no"
"ppt/media/image105.png","assets/img/image105.png","no"
"ppt/media/image106.png","assets/img/image106.png","no"
"ppt/media/image107.png","assets/img/image107.png","no"
"ppt/media/image108.png","assets/img/image108.png","no"
"ppt/media/image109.png","assets/img/image109.png","no"
"ppt/media/image11.png","assets/img/image11.png","no"
"ppt/media/image110.png","assets/img/image110.png","no"
"ppt/media/image111.png","assets/img/image111.png","no"
"ppt/media/image112.jpg","assets/img/image112.jpg","no"
"ppt/media/image113.jpg","assets/img/image113.jpg","no"
"ppt/media/image114.png","assets/img/image114.png","no"
"ppt/media/image115.png","assets/img/image115.png","no"
"ppt/media/image116.png","assets/img/image116.png","no"
"ppt/media/image117.png","assets/img/image117.png","no"
"ppt/media/image118.png","assets/img/image118.png","no"
"ppt/media/image119.png","assets/img/image119.png","no"
"ppt/media/image12.jpeg","assets/img/image12.jpg","yes - re-encoded"
"ppt/media/image120.png","assets/img/image120.png","no"
"ppt/media/image121.png","assets/img/image121.png","no"
"ppt/media/image122.png","assets/img/image122.png","no"
"ppt/media/image123.png","assets/img/image123.png","no"
"ppt/media/image124.png","assets/img/image124.png","no"
"ppt/media/image125.png","assets/img/image125.png","no"
"ppt/media/image126.png","assets/img/image126.png","no"
"ppt/media/image127.png","assets/img/image127.png","no"
"ppt/media/image128.png","assets/img/image128.png","no"
"ppt/media/image129.png","assets/img/image129.png","no"
"ppt/media/image13.jpeg","assets/img/image13.jpg","yes - re-encoded"
"ppt/media/image130.png","assets/img/image130.png","no"
"ppt/media/image131.png","assets/img/image131.png","no"
"ppt/media/image132.png","assets/img/image132.png","no"
"ppt/media/image133.png","assets/img/image133.png","no"
"ppt/media/image134.png","assets/img/image134.png","no"
"ppt/media/image135.png","assets/img/image135.png","no"
"ppt/media/image136.png","assets/img/image136.png","no"
"ppt/media/image137.png","assets/img/image137.png","no"
"ppt/media/image138.png","assets/img/image138.png","no"
"ppt/media/image139.png","assets/img/image139.png","no"
"ppt/media/image14.png","assets/img/image14.png","no"
"ppt/media/image140.png","assets/img/image140.png","no"
"ppt/media/image141.png","assets/img/image141.png","no"
"ppt/media/image142.png","assets/img/image142.png","no"
"ppt/media/image143.png","assets/img/image143.png","no"
"ppt/media/image144.png","assets/img/image144.png","no"
"ppt/media/image145.png","assets/img/image145.png","no"
"ppt/media/image146.png","assets/img/image146.png","no"
"ppt/media/image147.png","assets/img/image147.png","no"
"ppt/media/image148.png","assets/img/image148.png","no"
"ppt/media/image149.png","assets/img/image149.png","no"
"ppt/media/image15.jpg","assets/img/image15.jpg","no"
"ppt/media/image150.emf","assets/img/image150.png","yes - rasterised via GDI+"
"ppt/media/image151.png","assets/img/image151.png","no"
"ppt/media/image152.png","assets/img/image152.png","no"
"ppt/media/image153.emf","assets/img/image153.png","yes - rasterised via GDI+"
"ppt/media/image154.png","assets/img/image154.png","no"
"ppt/media/image155.png","assets/img/image155.png","no"
"ppt/media/image156.png","assets/img/image156.png","no"
"ppt/media/image157.png","assets/img/image157.png","no"
"ppt/media/image158.png","assets/img/image158.png","no"
"ppt/media/image159.png","assets/img/image159.png","no"
"ppt/media/image16.jpeg","assets/img/image16.jpg","yes - re-encoded"
"ppt/media/image160.png","assets/img/image160.png","no"
"ppt/media/image161.png","assets/img/image161.png","no"
"ppt/media/image162.png","assets/img/image162.png","no"
"ppt/media/image163.png","assets/img/image163.png","no"
"ppt/media/image164.png","assets/img/image164.png","no"
"ppt/media/image165.png","assets/img/image165.png","no"
"ppt/media/image166.png","assets/img/image166.png","no"
"ppt/media/image167.png","assets/img/image167.png","no"
"ppt/media/image168.png","assets/img/image168.png","no"
"ppt/media/image169.png","assets/img/image169.png","no"
"ppt/media/image17.png","assets/img/image17.png","no"
"ppt/media/image170.jpg","assets/img/image170.jpg","no"
"ppt/media/image171.jpg","assets/img/image171.jpg","no"
"ppt/media/image172.png","assets/img/image172.png","no"
"ppt/media/image173.png","assets/img/image173.png","no"
"ppt/media/image174.png","assets/img/image174.png","no"
"ppt/media/image175.png","assets/img/image175.png","no"
"ppt/media/image176.png","assets/img/image176.png","no"
"ppt/media/image177.png","assets/img/image177.png","no"
"ppt/media/image178.png","assets/img/image178.png","no"
"ppt/media/image179.png","assets/img/image179.png","no"
"ppt/media/image18.jpeg","assets/img/image18.jpg","yes - re-encoded"
"ppt/media/image180.png","assets/img/image180.png","no"
"ppt/media/image181.png","assets/img/image181.png","no"
"ppt/media/image182.png","assets/img/image182.png","no"
"ppt/media/image183.png","assets/img/image183.png","no"
"ppt/media/image184.png","assets/img/image184.png","no"
"ppt/media/image185.png","assets/img/image185.png","no"
"ppt/media/image186.png","assets/img/image186.png","no"
"ppt/media/image187.png","assets/img/image187.png","no"
"ppt/media/image188.png","assets/img/image188.png","no"
"ppt/media/image189.png","assets/img/image189.png","no"
"ppt/media/image19.png","assets/img/image19.png","no"
"ppt/media/image190.png","assets/img/image190.png","no"
"ppt/media/image191.jpg","assets/img/image191.jpg","no"
"ppt/media/image192.png","assets/img/image192.png","no"
"ppt/media/image193.png","assets/img/image193.png","no"
"ppt/media/image194.jpg","assets/img/image194.jpg","no"
"ppt/media/image195.png","assets/img/image195.png","no"
"ppt/media/image196.png","assets/img/image196.png","no"
"ppt/media/image197.png","assets/img/image197.png","no"
"ppt/media/image198.png","assets/img/image198.png","no"
"ppt/media/image199.png","assets/img/image199.png","no"
"ppt/media/image2.jpeg","assets/img/image2.jpg","yes - re-encoded"
"ppt/media/image20.png","assets/img/image20.png","no"
"ppt/media/image200.emf","assets/img/image200.png","yes - rasterised via GDI+"
"ppt/media/image201.png","assets/img/image201.png","no"
"ppt/media/image202.png","assets/img/image202.png","no"
"ppt/media/image203.png","assets/img/image203.png","no"
"ppt/media/image204.png","assets/img/image204.png","no"
"ppt/media/image205.png","assets/img/image205.png","no"
"ppt/media/image206.png","assets/img/image206.png","no"
"ppt/media/image207.png","assets/img/image207.png","no"
"ppt/media/image208.png","assets/img/image208.png","no"
"ppt/media/image209.png","assets/img/image209.png","no"
"ppt/media/image21.jpeg","assets/img/image21.jpg","yes - re-encoded"
"ppt/media/image210.png","assets/img/image210.png","no"
"ppt/media/image211.png","assets/img/image211.png","no"
"ppt/media/image212.png","assets/img/image212.png","no"
"ppt/media/image213.png","assets/img/image213.png","no"
"ppt/media/image214.png","assets/img/image214.png","no"
"ppt/media/image215.png","assets/img/image215.png","no"
"ppt/media/image216.png","assets/img/image216.png","no"
"ppt/media/image217.png","assets/img/image217.png","no"
"ppt/media/image218.png","assets/img/image218.png","no"
"ppt/media/image219.png","assets/img/image219.png","no"
"ppt/media/image22.jpeg","assets/img/image22.jpg","yes - re-encoded"
"ppt/media/image220.png","assets/img/image220.png","no"
"ppt/media/image221.png","assets/img/image221.png","no"
"ppt/media/image222.png","assets/img/image222.png","no"
"ppt/media/image223.png","assets/img/image223.png","no"
"ppt/media/image224.png","assets/img/image224.png","no"
"ppt/media/image225.png","assets/img/image225.png","no"
"ppt/media/image226.png","assets/img/image226.png","no"
"ppt/media/image227.png","assets/img/image227.png","no"
"ppt/media/image228.png","assets/img/image228.png","no"
"ppt/media/image229.png","assets/img/image229.png","no"
"ppt/media/image23.jpg","assets/img/image23.jpg","no"
"ppt/media/image230.png","assets/img/image230.png","no"
"ppt/media/image231.png","assets/img/image231.png","no"
"ppt/media/image232.png","assets/img/image232.png","no"
"ppt/media/image233.png","assets/img/image233.png","no"
"ppt/media/image234.png","assets/img/image234.png","no"
"ppt/media/image235.png","assets/img/image235.png","no"
"ppt/media/image236.png","assets/img/image236.png","no"
"ppt/media/image237.png","assets/img/image237.png","no"
"ppt/media/image238.png","assets/img/image238.png","no"
"ppt/media/image239.png","assets/img/image239.png","no"
"ppt/media/image24.png","assets/img/image24.png","no"
"ppt/media/image240.png","assets/img/image240.png","no"
"ppt/media/image241.png","assets/img/image241.png","no"
"ppt/media/image242.png","assets/img/image242.png","no"
"ppt/media/image243.png","assets/img/image243.png","no"
"ppt/media/image244.png","assets/img/image244.png","no"
"ppt/media/image245.png","assets/img/image245.png","no"
"ppt/media/image246.png","assets/img/image246.png","no"
"ppt/media/image247.png","assets/img/image247.png","no"
"ppt/media/image248.png","assets/img/image248.png","no"
"ppt/media/image249.png","assets/img/image249.png","no"
"ppt/media/image25.png","assets/img/image25.png","no"
"ppt/media/image250.png","assets/img/image250.png","no"
"ppt/media/image251.png","assets/img/image251.png","no"
"ppt/media/image252.emf","assets/img/image252.png","yes - rasterised via GDI+"
"ppt/media/image253.emf","assets/img/image253.png","yes - rasterised via GDI+"
"ppt/media/image254.emf","assets/img/image254.png","yes - rasterised via GDI+"
"ppt/media/image255.png","assets/img/image255.png","no"
"ppt/media/image256.png","assets/img/image256.png","no"
"ppt/media/image257.png","assets/img/image257.png","no"
"ppt/media/image258.png","assets/img/image258.png","no"
"ppt/media/image259.png","assets/img/image259.png","no"
"ppt/media/image26.png","assets/img/image26.png","no"
"ppt/media/image260.png","assets/img/image260.png","no"
"ppt/media/image261.png","assets/img/image261.png","no"
"ppt/media/image262.png","assets/img/image262.png","no"
"ppt/media/image263.png","assets/img/image263.png","no"
"ppt/media/image264.png","assets/img/image264.png","no"
"ppt/media/image265.png","assets/img/image265.png","no"
"ppt/media/image266.png","assets/img/image266.png","no"
"ppt/media/image267.png","assets/img/image267.png","no"
"ppt/media/image268.png","assets/img/image268.png","no"
"ppt/media/image269.png","assets/img/image269.png","no"
"ppt/media/image27.png","assets/img/image27.png","no"
"ppt/media/image270.png","assets/img/image270.png","no"
"ppt/media/image271.png","assets/img/image271.png","no"
"ppt/media/image272.png","assets/img/image272.png","no"
"ppt/media/image273.png","assets/img/image273.png","no"
"ppt/media/image274.png","assets/img/image274.png","no"
"ppt/media/image275.png","assets/img/image275.png","no"
"ppt/media/image276.png","assets/img/image276.png","no"
"ppt/media/image277.png","assets/img/image277.png","no"
"ppt/media/image278.png","assets/img/image278.png","no"
"ppt/media/image279.png","assets/img/image279.png","no"
"ppt/media/image28.png","assets/img/image28.png","no"
"ppt/media/image280.png","assets/img/image280.png","no"
"ppt/media/image281.png","assets/img/image281.png","no"
"ppt/media/image282.png","assets/img/image282.png","no"
"ppt/media/image283.png","assets/img/image283.png","no"
"ppt/media/image284.png","assets/img/image284.png","no"
"ppt/media/image285.png","assets/img/image285.png","no"
"ppt/media/image286.png","assets/img/image286.png","no"
"ppt/media/image287.png","assets/img/image287.png","no"
"ppt/media/image288.png","assets/img/image288.png","no"
"ppt/media/image289.png","assets/img/image289.png","no"
"ppt/media/image29.png","assets/img/image29.png","no"
"ppt/media/image290.png","assets/img/image290.png","no"
"ppt/media/image291.png","assets/img/image291.png","no"
"ppt/media/image292.png","assets/img/image292.png","no"
"ppt/media/image293.png","assets/img/image293.png","no"
"ppt/media/image294.png","assets/img/image294.png","no"
"ppt/media/image295.png","assets/img/image295.png","no"
"ppt/media/image296.png","assets/img/image296.png","no"
"ppt/media/image297.png","assets/img/image297.png","no"
"ppt/media/image298.png","assets/img/image298.png","no"
"ppt/media/image299.png","assets/img/image299.png","no"
"ppt/media/image3.png","assets/img/image3.png","no"
"ppt/media/image30.png","assets/img/image30.png","no"
"ppt/media/image300.png","assets/img/image300.png","no"
"ppt/media/image301.png","assets/img/image301.png","no"
"ppt/media/image302.png","assets/img/image302.png","no"
"ppt/media/image303.png","assets/img/image303.png","no"
"ppt/media/image304.jpeg","assets/img/image304.jpg","yes - re-encoded"
"ppt/media/image305.jpeg","assets/img/image305.jpg","yes - re-encoded"
"ppt/media/image306.png","assets/img/image306.png","no"
"ppt/media/image307.png","assets/img/image307.png","no"
"ppt/media/image308.png","assets/img/image308.png","no"
"ppt/media/image309.png","assets/img/image309.png","no"
"ppt/media/image31.png","assets/img/image31.png","no"
"ppt/media/image310.png","assets/img/image310.png","no"
"ppt/media/image311.png","assets/img/image311.png","no"
"ppt/media/image312.png","assets/img/image312.png","no"
"ppt/media/image313.png","assets/img/image313.png","no"
"ppt/media/image314.png","assets/img/image314.png","no"
"ppt/media/image315.png","assets/img/image315.png","no"
"ppt/media/image316.png","assets/img/image316.png","no"
"ppt/media/image317.png","assets/img/image317.png","no"
"ppt/media/image318.png","assets/img/image318.png","no"
"ppt/media/image319.png","assets/img/image319.png","no"
"ppt/media/image32.png","assets/img/image32.png","no"
"ppt/media/image320.png","assets/img/image320.png","no"
"ppt/media/image321.png","assets/img/image321.png","no"
"ppt/media/image322.png","assets/img/image322.png","no"
"ppt/media/image323.png","assets/img/image323.png","no"
"ppt/media/image324.png","assets/img/image324.png","no"
"ppt/media/image325.png","assets/img/image325.png","no"
"ppt/media/image326.png","assets/img/image326.png","no"
"ppt/media/image327.png","assets/img/image327.png","no"
"ppt/media/image328.png","assets/img/image328.png","no"
"ppt/media/image329.png","assets/img/image329.png","no"
"ppt/media/image33.emf","assets/img/image33.png","yes - rasterised via GDI+"
"ppt/media/image330.png","assets/img/image330.png","no"
"ppt/media/image331.png","assets/img/image331.png","no"
"ppt/media/image332.png","assets/img/image332.png","no"
"ppt/media/image333.png","assets/img/image333.png","no"
"ppt/media/image334.png","assets/img/image334.png","no"
"ppt/media/image335.png","assets/img/image335.png","no"
"ppt/media/image336.png","assets/img/image336.png","no"
"ppt/media/image337.png","assets/img/image337.png","no"
"ppt/media/image338.png","assets/img/image338.png","no"
"ppt/media/image339.png","assets/img/image339.png","no"
"ppt/media/image34.emf","assets/img/image34.png","yes - rasterised via GDI+"
"ppt/media/image340.png","assets/img/image340.png","no"
"ppt/media/image341.png","assets/img/image341.png","no"
"ppt/media/image342.png","assets/img/image342.png","no"
"ppt/media/image343.png","assets/img/image343.png","no"
"ppt/media/image344.png","assets/img/image344.png","no"
"ppt/media/image345.png","assets/img/image345.png","no"
"ppt/media/image346.png","assets/img/image346.png","no"
"ppt/media/image347.png","assets/img/image347.png","no"
"ppt/media/image348.png","assets/img/image348.png","no"
"ppt/media/image349.png","assets/img/image349.png","no"
"ppt/media/image35.emf","assets/img/image35.png","yes - rasterised via GDI+"
"ppt/media/image350.png","assets/img/image350.png","no"
"ppt/media/image351.png","assets/img/image351.png","no"
"ppt/media/image352.png","assets/img/image352.png","no"
"ppt/media/image353.png","assets/img/image353.png","no"
"ppt/media/image354.png","assets/img/image354.png","no"
"ppt/media/image355.png","assets/img/image355.png","no"
"ppt/media/image356.png","assets/img/image356.png","no"
"ppt/media/image357.png","assets/img/image357.png","no"
"ppt/media/image358.png","assets/img/image358.png","no"
"ppt/media/image359.png","assets/img/image359.png","no"
"ppt/media/image36.emf","assets/img/image36.png","yes - rasterised via GDI+"
"ppt/media/image360.png","assets/img/image360.png","no"
"ppt/media/image361.png","assets/img/image361.png","no"
"ppt/media/image362.png","assets/img/image362.png","no"
"ppt/media/image363.png","assets/img/image363.png","no"
"ppt/media/image364.png","assets/img/image364.png","no"
"ppt/media/image365.png","assets/img/image365.png","no"
"ppt/media/image366.png","assets/img/image366.png","no"
"ppt/media/image367.png","assets/img/image367.png","no"
"ppt/media/image368.png","assets/img/image368.png","no"
"ppt/media/image369.png","assets/img/image369.png","no"
"ppt/media/image37.wmf","assets/img/image37.png","yes - rasterised via GDI+"
"ppt/media/image370.png","assets/img/image370.png","no"
"ppt/media/image371.png","assets/img/image371.png","no"
"ppt/media/image372.png","assets/img/image372.png","no"
"ppt/media/image373.png","assets/img/image373.png","no"
"ppt/media/image374.png","assets/img/image374.png","no"
"ppt/media/image375.png","assets/img/image375.png","no"
"ppt/media/image376.png","assets/img/image376.png","no"
"ppt/media/image377.png","assets/img/image377.png","no"
"ppt/media/image378.png","assets/img/image378.png","no"
"ppt/media/image379.png","assets/img/image379.png","no"
"ppt/media/image38.emf","assets/img/image38.png","yes - rasterised via GDI+"
"ppt/media/image380.png","assets/img/image380.png","no"
"ppt/media/image381.png","assets/img/image381.png","no"
"ppt/media/image382.png","assets/img/image382.png","no"
"ppt/media/image383.png","assets/img/image383.png","no"
"ppt/media/image384.png","assets/img/image384.png","no"
"ppt/media/image385.png","assets/img/image385.png","no"
"ppt/media/image386.png","assets/img/image386.png","no"
"ppt/media/image387.png","assets/img/image387.png","no"
"ppt/media/image388.png","assets/img/image388.png","no"
"ppt/media/image389.png","assets/img/image389.png","no"
"ppt/media/image39.jpeg","assets/img/image39.jpg","yes - re-encoded"
"ppt/media/image390.png","assets/img/image390.png","no"
"ppt/media/image391.png","assets/img/image391.png","no"
"ppt/media/image392.png","assets/img/image392.png","no"
"ppt/media/image393.png","assets/img/image393.png","no"
"ppt/media/image394.png","assets/img/image394.png","no"
"ppt/media/image395.png","assets/img/image395.png","no"
"ppt/media/image396.png","assets/img/image396.png","no"
"ppt/media/image397.png","assets/img/image397.png","no"
"ppt/media/image398.png","assets/img/image398.png","no"
"ppt/media/image399.png","assets/img/image399.png","no"
"ppt/media/image4.jpg","assets/img/image4.jpg","no"
"ppt/media/image40.png","assets/img/image40.png","no"
"ppt/media/image400.png","assets/img/image400.png","no"
"ppt/media/image401.png","assets/img/image401.png","no"
"ppt/media/image402.png","assets/img/image402.png","no"
"ppt/media/image403.png","assets/img/image403.png","no"
"ppt/media/image404.png","assets/img/image404.png","no"
"ppt/media/image405.png","assets/img/image405.png","no"
"ppt/media/image406.png","assets/img/image406.png","no"
"ppt/media/image407.png","assets/img/image407.png","no"
"ppt/media/image408.png","assets/img/image408.png","no"
"ppt/media/image409.png","assets/img/image409.png","no"
"ppt/media/image41.png","assets/img/image41.png","no"
"ppt/media/image410.png","assets/img/image410.png","no"
"ppt/media/image411.png","assets/img/image411.png","no"
"ppt/media/image412.png","assets/img/image412.png","no"
"ppt/media/image413.png","assets/img/image413.png","no"
"ppt/media/image414.png","assets/img/image414.png","no"
"ppt/media/image415.png","assets/img/image415.png","no"
"ppt/media/image416.jpeg","assets/img/image416.jpg","yes - re-encoded"
"ppt/media/image417.jpg","assets/img/image417.jpg","no"
"ppt/media/image418.jpeg","assets/img/image418.jpg","yes - re-encoded"
"ppt/media/image419.png","assets/img/image419.png","no"
"ppt/media/image42.png","assets/img/image42.png","no"
"ppt/media/image420.png","assets/img/image420.png","no"
"ppt/media/image421.png","assets/img/image421.png","no"
"ppt/media/image422.png","assets/img/image422.png","no"
"ppt/media/image423.png","assets/img/image423.png","no"
"ppt/media/image424.png","assets/img/image424.png","no"
"ppt/media/image425.png","assets/img/image425.png","no"
"ppt/media/image426.png","assets/img/image426.png","no"
"ppt/media/image427.png","assets/img/image427.png","no"
"ppt/media/image428.png","assets/img/image428.png","no"
"ppt/media/image429.png","assets/img/image429.png","no"
"ppt/media/image43.png","assets/img/image43.png","no"
"ppt/media/image430.png","assets/img/image430.png","no"
"ppt/media/image431.png","assets/img/image431.png","no"
"ppt/media/image432.png","assets/img/image432.png","no"
"ppt/media/image433.png","assets/img/image433.png","no"
"ppt/media/image434.png","assets/img/image434.png","no"
"ppt/media/image435.png","assets/img/image435.png","no"
"ppt/media/image436.png","assets/img/image436.png","no"
"ppt/media/image437.png","assets/img/image437.png","no"
"ppt/media/image438.png","assets/img/image438.png","no"
"ppt/media/image439.png","assets/img/image439.png","no"
"ppt/media/image44.png","assets/img/image44.png","no"
"ppt/media/image440.png","assets/img/image440.png","no"
"ppt/media/image441.png","assets/img/image441.png","no"
"ppt/media/image442.png","assets/img/image442.png","no"
"ppt/media/image443.png","assets/img/image443.png","no"
"ppt/media/image444.png","assets/img/image444.png","no"
"ppt/media/image445.png","assets/img/image445.png","no"
"ppt/media/image446.png","assets/img/image446.png","no"
"ppt/media/image447.png","assets/img/image447.png","no"
"ppt/media/image448.png","assets/img/image448.png","no"
"ppt/media/image449.png","assets/img/image449.png","no"
"ppt/media/image45.png","assets/img/image45.png","no"
"ppt/media/image450.png","assets/img/image450.png","no"
"ppt/media/image451.png","assets/img/image451.png","no"
"ppt/media/image452.png","assets/img/image452.png","no"
"ppt/media/image453.png","assets/img/image453.png","no"
"ppt/media/image454.png","assets/img/image454.png","no"
"ppt/media/image455.png","assets/img/image455.png","no"
"ppt/media/image456.png","assets/img/image456.png","no"
"ppt/media/image457.png","assets/img/image457.png","no"
"ppt/media/image458.png","assets/img/image458.png","no"
"ppt/media/image459.png","assets/img/image459.png","no"
"ppt/media/image46.png","assets/img/image46.png","no"
"ppt/media/image460.png","assets/img/image460.png","no"
"ppt/media/image461.png","assets/img/image461.png","no"
"ppt/media/image462.png","assets/img/image462.png","no"
"ppt/media/image463.png","assets/img/image463.png","no"
"ppt/media/image464.png","assets/img/image464.png","no"
"ppt/media/image465.png","assets/img/image465.png","no"
"ppt/media/image466.png","assets/img/image466.png","no"
"ppt/media/image467.png","assets/img/image467.png","no"
"ppt/media/image468.png","assets/img/image468.png","no"
"ppt/media/image469.png","assets/img/image469.png","no"
"ppt/media/image47.png","assets/img/image47.png","no"
"ppt/media/image470.png","assets/img/image470.png","no"
"ppt/media/image471.png","assets/img/image471.png","no"
"ppt/media/image472.png","assets/img/image472.png","no"
"ppt/media/image473.png","assets/img/image473.png","no"
"ppt/media/image474.png","assets/img/image474.png","no"
"ppt/media/image475.png","assets/img/image475.png","no"
"ppt/media/image476.png","assets/img/image476.png","no"
"ppt/media/image477.png","assets/img/image477.png","no"
"ppt/media/image478.png","assets/img/image478.png","no"
"ppt/media/image479.png","assets/img/image479.png","no"
"ppt/media/image48.png","assets/img/image48.png","no"
"ppt/media/image480.emf","assets/img/image480.png","yes - rasterised via GDI+"
"ppt/media/image481.emf","assets/img/image481.png","yes - rasterised via GDI+"
"ppt/media/image482.emf","assets/img/image482.png","yes - rasterised via GDI+"
"ppt/media/image483.emf","assets/img/image483.png","yes - rasterised via GDI+"
"ppt/media/image484.emf","assets/img/image484.png","yes - rasterised via GDI+"
"ppt/media/image485.emf","assets/img/image485.png","yes - rasterised via GDI+"
"ppt/media/image486.png","assets/img/image486.png","no"
"ppt/media/image487.tmp","assets/img/image487.png","yes - re-encoded"
"ppt/media/image488.tmp","assets/img/image488.png","yes - re-encoded"
"ppt/media/image489.tmp","assets/img/image489.png","yes - re-encoded"
"ppt/media/image49.png","assets/img/image49.png","no"
"ppt/media/image490.png","assets/img/image490.png","no"
"ppt/media/image491.wmf","assets/img/image491.png","yes - rasterised via GDI+"
"ppt/media/image492.png","assets/img/image492.png","no"
"ppt/media/image493.png","assets/img/image493.png","no"
"ppt/media/image494.jpg","assets/img/image494.jpg","no"
"ppt/media/image495.png","assets/img/image495.png","no"
"ppt/media/image496.png","assets/img/image496.png","no"
"ppt/media/image497.png","assets/img/image497.png","no"
"ppt/media/image498.png","assets/img/image498.png","no"
"ppt/media/image499.png","assets/img/image499.png","no"
"ppt/media/image5.png","assets/img/image5.png","no"
"ppt/media/image50.png","assets/img/image50.png","no"
"ppt/media/image500.png","assets/img/image500.png","no"
"ppt/media/image501.png","assets/img/image501.png","no"
"ppt/media/image502.jpeg","assets/img/image502.jpg","yes - re-encoded"
"ppt/media/image503.png","assets/img/image503.png","no"
"ppt/media/image504.png","assets/img/image504.png","no"
"ppt/media/image505.png","assets/img/image505.png","no"
"ppt/media/image506.png","assets/img/image506.png","no"
"ppt/media/image507.png","assets/img/image507.png","no"
"ppt/media/image508.png","assets/img/image508.png","no"
"ppt/media/image509.png","assets/img/image509.png","no"
"ppt/media/image51.png","assets/img/image51.png","no"
"ppt/media/image510.emf","assets/img/image510.png","yes - rasterised via GDI+"
"ppt/media/image511.png","assets/img/image511.png","no"
"ppt/media/image512.png","assets/img/image512.png","no"
"ppt/media/image513.png","assets/img/image513.png","no"
"ppt/media/image514.png","assets/img/image514.png","no"
"ppt/media/image515.png","assets/img/image515.png","no"
"ppt/media/image516.png","assets/img/image516.png","no"
"ppt/media/image517.png","assets/img/image517.png","no"
"ppt/media/image518.png","assets/img/image518.png","no"
"ppt/media/image519.png","assets/img/image519.png","no"
"ppt/media/image52.png","assets/img/image52.png","no"
"ppt/media/image520.png","assets/img/image520.png","no"
"ppt/media/image521.png","assets/img/image521.png","no"
"ppt/media/image522.png","assets/img/image522.png","no"
"ppt/media/image523.png","assets/img/image523.png","no"
"ppt/media/image524.png","assets/img/image524.png","no"
"ppt/media/image525.png","assets/img/image525.png","no"
"ppt/media/image526.png","assets/img/image526.png","no"
"ppt/media/image527.png","assets/img/image527.png","no"
"ppt/media/image528.png","assets/img/image528.png","no"
"ppt/media/image529.png","assets/img/image529.png","no"
"ppt/media/image53.png","assets/img/image53.png","no"
"ppt/media/image530.png","assets/img/image530.png","no"
"ppt/media/image531.png","assets/img/image531.png","no"
"ppt/media/image532.png","assets/img/image532.png","no"
"ppt/media/image533.png","assets/img/image533.png","no"
"ppt/media/image534.png","assets/img/image534.png","no"
"ppt/media/image535.png","assets/img/image535.png","no"
"ppt/media/image536.png","assets/img/image536.png","no"
"ppt/media/image537.png","assets/img/image537.png","no"
"ppt/media/image538.jpeg","assets/img/image538.jpg","yes - re-encoded"
"ppt/media/image539.png","assets/img/image539.png","no"
"ppt/media/image54.png","assets/img/image54.png","no"
"ppt/media/image540.png","assets/img/image540.png","no"
"ppt/media/image541.png","assets/img/image541.png","no"
"ppt/media/image542.png","assets/img/image542.png","no"
"ppt/media/image543.png","assets/img/image543.png","no"
"ppt/media/image544.png","assets/img/image544.png","no"
"ppt/media/image545.png","assets/img/image545.png","no"
"ppt/media/image546.png","assets/img/image546.png","no"
"ppt/media/image547.emf","assets/img/image547.png","yes - rasterised via GDI+"
"ppt/media/image548.JPG","assets/img/image548.jpg","no"
"ppt/media/image549.JPG","assets/img/image549.jpg","no"
"ppt/media/image55.png","assets/img/image55.png","no"
"ppt/media/image550.JPG","assets/img/image550.jpg","no"
"ppt/media/image551.JPG","assets/img/image551.jpg","no"
"ppt/media/image552.JPG","assets/img/image552.jpg","no"
"ppt/media/image553.JPG","assets/img/image553.jpg","no"
"ppt/media/image554.JPG","assets/img/image554.jpg","no"
"ppt/media/image555.JPG","assets/img/image555.jpg","no"
"ppt/media/image556.JPG","assets/img/image556.jpg","no"
"ppt/media/image557.JPG","assets/img/image557.jpg","no"
"ppt/media/image558.JPG","assets/img/image558.jpg","no"
"ppt/media/image559.JPG","assets/img/image559.jpg","no"
"ppt/media/image56.png","assets/img/image56.png","no"
"ppt/media/image560.JPG","assets/img/image560.jpg","no"
"ppt/media/image561.JPG","assets/img/image561.jpg","no"
"ppt/media/image562.JPG","assets/img/image562.jpg","no"
"ppt/media/image563.JPG","assets/img/image563.jpg","no"
"ppt/media/image564.JPG","assets/img/image564.jpg","no"
"ppt/media/image565.JPG","assets/img/image565.jpg","no"
"ppt/media/image566.JPG","assets/img/image566.jpg","no"
"ppt/media/image567.JPG","assets/img/image567.jpg","no"
"ppt/media/image568.JPG","assets/img/image568.jpg","no"
"ppt/media/image569.JPG","assets/img/image569.jpg","no"
"ppt/media/image57.png","assets/img/image57.png","no"
"ppt/media/image570.JPG","assets/img/image570.jpg","no"
"ppt/media/image571.JPG","assets/img/image571.jpg","no"
"ppt/media/image572.JPG","assets/img/image572.jpg","no"
"ppt/media/image573.JPG","assets/img/image573.jpg","no"
"ppt/media/image574.JPG","assets/img/image574.jpg","no"
"ppt/media/image575.JPG","assets/img/image575.jpg","no"
"ppt/media/image576.JPG","assets/img/image576.jpg","no"
"ppt/media/image577.JPG","assets/img/image577.jpg","no"
"ppt/media/image578.png","assets/img/image578.png","no"
"ppt/media/image579.png","assets/img/image579.png","no"
"ppt/media/image58.png","assets/img/image58.png","no"
"ppt/media/image580.png","assets/img/image580.png","no"
"ppt/media/image581.png","assets/img/image581.png","no"
"ppt/media/image582.png","assets/img/image582.png","no"
"ppt/media/image583.png","assets/img/image583.png","no"
"ppt/media/image584.png","assets/img/image584.png","no"
"ppt/media/image585.png","assets/img/image585.png","no"
"ppt/media/image586.png","assets/img/image586.png","no"
"ppt/media/image587.png","assets/img/image587.png","no"
"ppt/media/image588.png","assets/img/image588.png","no"
"ppt/media/image589.JPG","assets/img/image589.jpg","no"
"ppt/media/image59.png","assets/img/image59.png","no"
"ppt/media/image590.JPG","assets/img/image590.jpg","no"
"ppt/media/image591.JPG","assets/img/image591.jpg","no"
"ppt/media/image592.JPG","assets/img/image592.jpg","no"
"ppt/media/image593.JPG","assets/img/image593.jpg","no"
"ppt/media/image594.JPG","assets/img/image594.jpg","no"
"ppt/media/image595.JPG","assets/img/image595.jpg","no"
"ppt/media/image596.JPG","assets/img/image596.jpg","no"
"ppt/media/image597.JPG","assets/img/image597.jpg","no"
"ppt/media/image598.JPG","assets/img/image598.jpg","no"
"ppt/media/image599.JPG","assets/img/image599.jpg","no"
"ppt/media/image6.png","assets/img/image6.png","no"
"ppt/media/image60.png","assets/img/image60.png","no"
"ppt/media/image600.JPG","assets/img/image600.jpg","no"
"ppt/media/image601.JPG","assets/img/image601.jpg","no"
"ppt/media/image602.png","assets/img/image602.png","no"
"ppt/media/image603.png","assets/img/image603.png","no"
"ppt/media/image604.png","assets/img/image604.png","no"
"ppt/media/image605.png","assets/img/image605.png","no"
"ppt/media/image606.JPG","assets/img/image606.jpg","no"
"ppt/media/image607.JPG","assets/img/image607.jpg","no"
"ppt/media/image608.JPG","assets/img/image608.jpg","no"
"ppt/media/image609.JPG","assets/img/image609.jpg","no"
"ppt/media/image61.png","assets/img/image61.png","no"
"ppt/media/image610.JPG","assets/img/image610.jpg","no"
"ppt/media/image611.JPG","assets/img/image611.jpg","no"
"ppt/media/image612.JPG","assets/img/image612.jpg","no"
"ppt/media/image613.JPG","assets/img/image613.jpg","no"
"ppt/media/image614.JPG","assets/img/image614.jpg","no"
"ppt/media/image615.png","assets/img/image615.png","no"
"ppt/media/image616.png","assets/img/image616.png","no"
"ppt/media/image617.png","assets/img/image617.png","no"
"ppt/media/image618.png","assets/img/image618.png","no"
"ppt/media/image619.png","assets/img/image619.png","no"
"ppt/media/image62.png","assets/img/image62.png","no"
"ppt/media/image620.png","assets/img/image620.png","no"
"ppt/media/image621.png","assets/img/image621.png","no"
"ppt/media/image622.png","assets/img/image622.png","no"
"ppt/media/image623.png","assets/img/image623.png","no"
"ppt/media/image624.png","assets/img/image624.png","no"
"ppt/media/image625.png","assets/img/image625.png","no"
"ppt/media/image626.png","assets/img/image626.png","no"
"ppt/media/image627.png","assets/img/image627.png","no"
"ppt/media/image628.png","assets/img/image628.png","no"
"ppt/media/image629.png","assets/img/image629.png","no"
"ppt/media/image63.png","assets/img/image63.png","no"
"ppt/media/image630.png","assets/img/image630.png","no"
"ppt/media/image631.png","assets/img/image631.png","no"
"ppt/media/image632.png","assets/img/image632.png","no"
"ppt/media/image633.jpeg","assets/img/image633.jpg","yes - re-encoded"
"ppt/media/image634.png","assets/img/image634.png","no"
"ppt/media/image635.png","assets/img/image635.png","no"
"ppt/media/image636.png","assets/img/image636.png","no"
"ppt/media/image637.png","assets/img/image637.png","no"
"ppt/media/image638.png","assets/img/image638.png","no"
"ppt/media/image639.png","assets/img/image639.png","no"
"ppt/media/image64.png","assets/img/image64.png","no"
"ppt/media/image640.png","assets/img/image640.png","no"
"ppt/media/image641.jpeg","assets/img/image641.jpg","yes - re-encoded"
"ppt/media/image642.png","assets/img/image642.png","no"
"ppt/media/image643.svg","assets/img/image643.svg","no"
"ppt/media/image644.png","assets/img/image644.png","no"
"ppt/media/image645.svg","assets/img/image645.svg","no"
"ppt/media/image646.emf","assets/img/image646.png","yes - rasterised via GDI+"
"ppt/media/image647.emf","assets/img/image647.png","yes - rasterised via GDI+"
"ppt/media/image648.emf","assets/img/image648.png","yes - rasterised via GDI+"
"ppt/media/image65.png","assets/img/image65.png","no"
"ppt/media/image66.png","assets/img/image66.png","no"
"ppt/media/image67.png","assets/img/image67.png","no"
"ppt/media/image68.png","assets/img/image68.png","no"
"ppt/media/image69.png","assets/img/image69.png","no"
"ppt/media/image7.png","assets/img/image7.png","no"
"ppt/media/image70.png","assets/img/image70.png","no"
"ppt/media/image71.png","assets/img/image71.png","no"
"ppt/media/image72.png","assets/img/image72.png","no"
"ppt/media/image73.png","assets/img/image73.png","no"
"ppt/media/image74.png","assets/img/image74.png","no"
"ppt/media/image75.png","assets/img/image75.png","no"
"ppt/media/image76.png","assets/img/image76.png","no"
"ppt/media/image77.png","assets/img/image77.png","no"
"ppt/media/image78.png","assets/img/image78.png","no"
"ppt/media/image79.png","assets/img/image79.png","no"
"ppt/media/image8.png","assets/img/image8.png","no"
"ppt/media/image80.png","assets/img/image80.png","no"
"ppt/media/image81.png","assets/img/image81.png","no"
"ppt/media/image82.png","assets/img/image82.png","no"
"ppt/media/image83.png","assets/img/image83.png","no"
"ppt/media/image84.png","assets/img/image84.png","no"
"ppt/media/image85.png","assets/img/image85.png","no"
"ppt/media/image86.png","assets/img/image86.png","no"
"ppt/media/image87.png","assets/img/image87.png","no"
"ppt/media/image88.png","assets/img/image88.png","no"
"ppt/media/image89.png","assets/img/image89.png","no"
"ppt/media/image9.png","assets/img/image9.png","no"
"ppt/media/image90.png","assets/img/image90.png","no"
"ppt/media/image91.png","assets/img/image91.png","no"
"ppt/media/image92.png","assets/img/image92.png","no"
"ppt/media/image93.png","assets/img/image93.png","no"
"ppt/media/image94.png","assets/img/image94.png","no"
"ppt/media/image95.png","assets/img/image95.png","no"
"ppt/media/image96.png","assets/img/image96.png","no"
"ppt/media/image97.png","assets/img/image97.png","no"
"ppt/media/image98.png","assets/img/image98.png","no"
"ppt/media/image99.png","assets/img/image99.png","no"
