"ord","slide","family","layout","figures","tables","ole","freeText","titleLen","notes","flags"
"1","slide1","cover","Book cover w/ graphic","0","0","0","1","36","False",""
"2","slide2","one-col","MyCONNECT_Page","0","0","0","0","0","False",""
"3","slide3","title-only","Title Only","8","0","0","12","19","False",""
"4","slide4","one-col","Legal_Page","0","0","0","0","0","False",""
"5","slide5","one-col","1 Column Without Logo Layout","1","0","0","0","43","True",""
"6","slide6","four-col","4 Column With Subheads ","4","0","0","10","31","True",""
"7","slide7","title-only","Title Only","0","0","0","1","15","False",""
"8","slide8","title-only","Title Only","1","0","0","1","58","True",""
"9","slide9","title-only","Title Only","0","0","0","1","29","False",""
"10","slide10","one-col","Content","3","0","0","0","18","False",""
"11","slide11","toc","Table of Contents","0","0","0","0","0","False",""
"12","slide12","divider","Chapter/Section Page","0","0","0","0","0","False",""
"13","slide13","title-only","Title Only","6","0","0","5","45","False",""
"14","slide14","one-col","1 Column With Logo Layout","1","0","0","5","13","False",""
"15","slide15","two-col","2 Column with Logo","0","0","0","39","39","False","svg-rebuilt"
"16","slide16","two-col","2 Column with Logo","1","0","0","0","21","False",""
"17","slide17","one-col","1 Column With Logo Layout","1","0","0","0","34","False",""
"18","slide18","one-col","1 Column With Logo Layout","0","0","0","0","34","False",""
"19","slide19","two-col","2 Column with Logo","1","0","0","0","16","False",""
"20","slide20","title-text-content","Title, Text, and Content","0","0","1","0","16","False","ole-fallback"
"21","slide21","title-text-content","Title, Text, and Content","0","0","1","0","17","False","ole-fallback"
"22","slide22","title-text-content","Title, Text, and Content","0","0","1","0","16","False","ole-fallback"
"23","slide23","one-col","1 Column With Logo Layout","2","0","2","0","15","False","ole-fallback"
"24","slide24","title-text-content","Title, Text, and Content","0","0","1","0","16","False","ole-fallback"
"25","slide25","one-col","1 Column With Logo Layout","0","0","0","0","37","False",""
"26","slide26","divider","Chapter/Section Page","0","0","0","0","0","False",""
"27","slide27","title-only","Title Only","1","0","0","13","29","False",""
"28","slide28","title-only","Title Only","2","0","0","2","29","False",""
"29","slide29","title-only","Title Only","2","0","0","2","26","False",""
"30","slide30","two-col","2 Column with Logo","2","0","0","0","11","False",""
"31","slide31","two-col","2 Column with Logo","2","0","0","1","15","False",""
"32","slide32","two-col","2 Column with Logo","3","0","0","1","13","False",""
"33","slide33","one-col","1 Column With Logo Layout","0","0","0","0","29","False",""
"34","slide34","title-only","Title Only","2","0","0","4","24","False",""
"35","slide35","title-only","Title Only","4","0","0","4","9","False",""
"36","slide36","two-col","2 Column with Logo","2","0","0","2","25","False",""
"37","slide37","two-col","2 Column with Logo","3","0","0","0","17","True",""
"38","slide38","two-col","2 Column with Logo","2","0","0","1","17","False",""
"39","slide39","one-col","1 Column With Logo Layout","1","0","0","3","29","False",""
"40","slide40","title-only","Title Only","2","0","0","5","18","False",""
"41","slide41","title-only","Title Only","2","0","0","5","11","False",""
"42","slide42","title-only","Title Only","2","0","0","5","21","False",""
"43","slide43","title-only","Title Only","1","0","0","3","28","False",""
"44","slide44","one-col","1 Column With Logo Layout","0","0","0","0","34","False",""
"45","slide45","one-col","1 Column With Logo Layout","0","0","0","1","22","False","svg-rebuilt"
"46","slide46","one-col","1 Column With Logo Layout","0","1","0","1","22","False","svg-rebuilt"
"47","slide47","one-col","1 Column With Logo Layout","2","1","0","0","21","False",""
"48","slide48","one-col","1 Column With Logo Layout","2","1","0","2","26","False",""
"49","slide49","one-col","1 Column With Logo Layout","1","1","0","0","30","False",""
"50","slide50","one-col","1 Column With Logo Layout","1","1","0","1","2","False",""
"51","slide51","two-col","2 Column with Logo","1","0","0","0","7","False",""
"52","slide52","two-col","2 Column with Logo","2","0","0","2","12","False",""
"53","slide53","two-col","2 Column with Logo","2","0","0","2","16","False",""
"54","slide54","two-col","2 Column with Logo","3","0","0","4","20","False",""
"55","slide55","one-col","1 Column With Logo Layout","3","0","0","0","33","False",""
"56","slide56","two-col","2 Column with Logo","3","0","0","0","30","False",""
"57","slide57","two-col","2 Column with Logo","2","0","0","2","22","False",""
"58","slide58","one-col","1 Column With Logo Layout","3","0","0","2","37","False",""
"59","slide59","three-photo","3 Photo 3 Column with logo","4","0","0","3","34","False",""
"60","slide60","three-photo","3 Photo 3 Column with logo","5","0","0","3","44","False",""
"61","slide61","three-photo","3 Photo 3 Column with logo","4","0","0","3","48","False",""
"62","slide62","one-col","1 Column With Logo Layout","2","0","0","0","13","False",""
"63","slide63","one-col","1 Column With Logo Layout","1","0","0","3","13","False",""
"64","slide64","two-col","2 Column with Logo","4","0","0","0","48","False",""
"65","slide65","three-photo","3 Photo 3 Column with logo","3","0","0","3","34","False",""
"66","slide66","one-col","1 Column With Logo Layout","2","0","0","0","20","False",""
"67","slide67","one-col","1 Column With Logo Layout","0","0","0","0","31","False",""
"68","slide68","one-col","1 Column With Logo Layout","4","0","0","0","19","False",""
"69","slide69","two-col","2 Column with Logo","2","0","0","0","15","False",""
"70","slide70","title-only","Title Only","3","0","0","3","38","False",""
"71","slide71","title-only","Title Only","2","0","0","3","22","False",""
"72","slide72","two-col","2 Column with Logo","4","0","0","1","29","False",""
"73","slide73","one-col","1 Column With Logo Layout","0","0","0","0","36","False",""
"74","slide74","two-col","2 Column with Logo","2","0","0","2","28","False",""
"75","slide75","two-col","2 Column with Logo","3","0","0","1","29","False",""
"76","slide76","two-col","2 Column with Logo","1","0","0","1","41","False",""
"77","slide77","title-only","Title Only","4","0","0","4","29","False",""
"78","slide78","title-only","Title Only","3","0","0","28","30","False",""
"79","slide79","title-only","Title Only","5","0","0","6","23","False",""
"80","slide80","one-col","1 Column With Logo Layout","0","0","0","0","42","False",""
"81","slide81","one-col","1 Column With Logo Layout","1","0","0","1","8","False","svg-rebuilt"
"82","slide82","title-only","Title Only","5","0","0","3","7","False",""
"83","slide83","one-col","1 Column With Logo Layout","3","0","0","5","16","False",""
"84","slide84","two-col","2 Column with Logo","3","0","0","0","27","False",""
"85","slide85","one-col","1 Column With Logo Layout","2","0","1","0","25","False","ole-fallback"
"86","slide86","one-col","1 Column With Logo Layout","0","0","0","0","40","True",""
"87","slide87","divider","Chapter/Section Page","0","0","0","0","0","False",""
"88","slide88","title-only","Title Only","2","0","0","6","39","False",""
"89","slide89","title-only","Title Only","1","0","1","0","19","False","ole-fallback"
"90","slide90","one-col","1 Column With Logo Layout","0","0","0","0","35","False",""
"91","slide91","title-only","Title Only","1","0","0","4","12","False",""
"92","slide92","one-col","1 Column With Logo Layout","0","0","0","0","20","False",""
"93","slide93","one-col","1 Column With Logo Layout","2","0","0","2","19","False",""
"94","slide94","title-only","Title Only","1","0","0","15","35","False",""
"95","slide95","two-col","2 Column with Logo","2","0","0","2","25","False",""
"96","slide96","title-only","Title Only","1","0","0","7","29","False",""
"97","slide97","title-only","Title Only","0","0","0","37","33","False","svg-rebuilt"
"98","slide98","title-only","Title Only","2","0","0","1","37","False",""
"99","slide99","title-only","Title Only","2","0","0","1","38","False",""
"100","slide100","one-col","1 Column With Logo Layout","0","0","0","0","33","False",""
"101","slide101","two-col","2 Column with Logo","2","0","0","0","21","False",""
"102","slide102","two-col","2 Column with Logo","2","0","0","0","35","False",""
"103","slide103","two-col","2 Column with Logo","2","0","0","0","27","False",""
"104","slide104","title-only","Title Only","0","0","0","46","31","False","svg-rebuilt"
"105","slide105","title-only","Title Only","3","0","0","0","29","False",""
"106","slide106","two-col","2 Column with Logo","2","0","0","16","26","False",""
"107","slide107","title-only","Title Only","2","0","0","0","28","False",""
"108","slide108","one-col","1 Column With Logo Layout","0","0","0","0","35","False",""
"109","slide109","title-only","Title Only","1","0","0","16","36","False",""
"110","slide110","two-col","2 Column with Logo","2","0","0","2","25","False",""
"111","slide111","title-only","Title Only","1","0","0","7","24","False",""
"112","slide112","title-only","Title Only","0","0","0","41","34","False","svg-rebuilt"
"113","slide113","one-col","1 Column With Logo Layout","0","0","0","0","42","False",""
"114","slide114","two-col","2 Column with Logo","3","0","0","3","40","False",""
"115","slide115","title-only","Title Only","2","0","0","0","21","False",""
"116","slide116","title-only","Title Only","3","0","0","3","31","False",""
"117","slide117","two-col","2 Column with Logo","2","0","0","0","35","False",""
"118","slide118","two-col","2 Column with Logo","2","0","0","0","14","False",""
"119","slide119","title-only","Title Only","2","0","0","3","31","False",""
"120","slide120","two-col","2 Column with Logo","2","0","0","0","33","False",""
"121","slide121","two-col","2 Column with Logo","3","0","0","0","39","False",""
"122","slide122","two-col","2 Column with Logo","3","0","0","3","38","False",""
"123","slide123","two-col","2 Column with Logo","1","0","0","12","26","False",""
"124","slide124","title-only","Title Only","2","0","0","0","27","False",""
"125","slide125","title-only","Title Only","1","0","0","24","8","False","svg-rebuilt"
"126","slide126","one-col","1 Column With Logo Layout","0","0","0","0","32","False",""
"127","slide127","divider","Chapter/Section Page","0","0","0","0","0","False",""
"128","slide128","title-only","Title Only","2","0","0","2","9","False",""
"129","slide129","title-only","Title Only","1","0","1","0","23","False","ole-fallback"
"130","slide130","one-col","1 Column With Logo Layout","0","0","0","0","21","False",""
"131","slide131","one-col","1 Column With Logo Layout","0","0","0","0","35","False",""
"132","slide132","two-col","2 Column with Logo","2","0","0","0","27","False",""
"133","slide133","two-col","2 Column with Logo","1","0","0","1","28","False",""
"134","slide134","title-only","Title Only","2","0","0","2","21","False",""
"135","slide135","two-col","2 Column with Logo","2","0","0","2","12","False",""
"136","slide136","two-col","2 Column with Logo","1","0","0","2","13","False",""
"137","slide137","two-col","2 Column with Logo","2","0","0","0","26","False",""
"138","slide138","two-col","2 Column with Logo","3","0","0","0","36","False",""
"139","slide139","two-col","2 Column with Logo","2","0","0","0","21","False",""
"140","slide140","two-col","2 Column with Logo","1","0","0","0","37","False",""
"141","slide141","one-col","1 Column With Logo Layout","1","0","0","0","18","False",""
"142","slide142","one-col","1 Column With Logo Layout","2","0","0","0","46","False",""
"143","slide143","two-col","2 Column with Logo","3","0","0","0","44","False",""
"144","slide144","one-col","1 Column With Logo Layout","0","0","0","0","29","False",""
"145","slide145","one-col","1 Column With Logo Layout","0","0","0","0","30","False",""
"146","slide146","divider","Chapter/Section Page","0","0","0","0","0","False",""
"147","slide147","three-photo","3 Photo 3 Column with logo","2","0","0","2","24","False",""
"148","slide148","two-col","2 Column with Logo","1","0","0","1","25","False",""
"149","slide149","two-col","2 Column with Logo","1","0","0","5","28","False",""
"150","slide150","one-col","1 Column With Logo Layout","0","0","0","0","32","False",""
"151","slide151","two-col","2 Column with Logo","1","0","0","0","23","False",""
"152","slide152","two-col","2 Column with Logo","2","0","0","0","39","False",""
"153","slide153","three-photo","3 Photo 3 Column with logo","3","0","0","3","40","False",""
"154","slide154","three-photo","3 Photo 3 Column with logo","3","0","0","3","39","False",""
"155","slide155","one-col","1 Column With Logo Layout","0","0","0","0","31","False",""
"156","slide156","two-col","2 Column with Logo","3","0","0","0","31","False",""
"157","slide157","three-photo","3 Photo 3 Column with logo","2","0","0","2","48","False",""
"158","slide158","two-col","2 Column with Logo","2","0","0","0","31","False",""
"159","slide159","one-col","1 Column With Logo Layout","0","0","0","0","31","False",""
"160","slide160","title-only","Title Only","1","0","0","0","20","False",""
"161","slide161","two-col","2 Column with Logo","1","0","0","5","33","False",""
"162","slide162","two-col","2 Column with Logo","5","0","0","6","14","False",""
"163","slide163","two-col","2 Column with Logo","3","0","0","21","10","False",""
"164","slide164","title-only","Title Only","1","0","0","0","33","False",""
"165","slide165","title-only","Title Only","2","0","0","2","10","False",""
"166","slide166","one-col","1 Column With Logo Layout","0","0","0","0","34","False",""
"167","slide167","title-only","Title Only","5","0","0","4","35","False",""
"168","slide168","title-only","Title Only","1","0","0","0","31","False",""
"169","slide169","two-col","2 Column with Logo","4","0","0","0","33","False",""
"170","slide170","two-col","2 Column with Logo","3","0","0","1","33","False",""
"171","slide171","two-col","2 Column with Logo","3","0","0","0","36","False",""
"172","slide172","two-col","2 Column with Logo","3","0","0","3","33","False",""
"173","slide173","title-only","Title Only","3","0","0","0","41","False",""
"174","slide174","one-col","1 Column With Logo Layout","0","0","0","0","40","False",""
"175","slide175","two-col","2 Column with Logo","1","0","0","0","29","False",""
"176","slide176","two-col","2 Column with Logo","3","0","0","0","27","False",""
"177","slide177","two-col","2 Column with Logo","3","0","0","0","34","False",""
"178","slide178","title-only","Title Only","3","0","0","0","23","False",""
"179","slide179","two-col","2 Column with Logo","5","0","0","0","45","False",""
"180","slide180","two-col","2 Column with Logo","3","0","0","0","26","False",""
"181","slide181","two-col","2 Column with Logo","3","0","0","3","26","False",""
"182","slide182","one-col","1 Column With Logo Layout","0","0","0","0","41","False",""
"183","slide183","title-only","Title Only","1","0","0","0","13","False",""
"184","slide184","divider","Chapter/Section Page","0","0","0","0","0","False",""
"185","slide185","two-col","2 Column with Logo","2","0","0","2","30","False",""
"186","slide186","three-photo","3 Photo 3 Column with logo","2","0","0","3","23","False",""
"187","slide187","title-only","Title Only","1","0","0","11","20","False",""
"188","slide188","title-only","Title Only","1","0","0","0","11","False",""
"189","slide189","two-col","2 Column with Logo","2","0","0","4","24","False",""
"190","slide190","one-col","1 Column With Logo Layout","0","0","0","0","42","False",""
"191","slide191","title-only","Title Only","4","0","0","4","35","False",""
"192","slide192","one-col","1 Column With Logo Layout","3","0","0","2","9","False",""
"193","slide193","title-only","Title Only","4","0","0","3","13","False",""
"194","slide194","three-photo","3 Photo 3 Column with logo","4","0","0","3","15","False",""
"195","slide195","three-photo","3 Photo 3 Column with logo","4","0","0","3","31","False",""
"196","slide196","one-col","1 Column With Logo Layout","0","0","0","0","39","False",""
"197","slide197","two-col","2 Column with Logo","2","0","0","0","32","False",""
"198","slide198","three-photo","3 Photo 3 Column with logo","3","0","0","2","28","False",""
"199","slide199","title-only","Title Only","5","0","0","3","29","False",""
"200","slide200","two-col","2 Column with Logo","1","0","0","0","27","False",""
"201","slide201","title-only","Title Only","3","0","0","0","29","False",""
"202","slide202","one-col","1 Column With Logo Layout","0","0","0","0","38","False",""
"203","slide203","two-col","2 Column with Logo","1","0","0","0","31","False",""
"204","slide204","two-col","2 Column with Logo","3","0","0","0","25","False",""
"205","slide205","title-only","Title Only","3","0","0","0","32","False",""
"206","slide206","three-photo","3 Photo 3 Column with logo","4","0","0","2","33","False",""
"207","slide207","title-only","Title Only","2","0","0","0","40","False",""
"208","slide208","title-only","Title Only","2","0","0","0","24","False",""
"209","slide209","one-col","1 Column With Logo Layout","0","0","0","0","32","False",""
"210","slide210","title-only","Title Only","1","0","0","0","28","False",""
"211","slide211","title-only","Title Only","1","0","0","0","32","False",""
"212","slide212","one-col","1 Column With Logo Layout","0","0","0","0","32","True",""
"213","slide213","two-col","2 Column with Logo","2","0","0","0","14","False",""
"214","slide214","divider","Chapter/Section Page","0","0","0","0","0","False",""
"215","slide215","title-only","Title Only","1","0","0","0","28","False",""
"216","slide216","title-only","Title Only","1","0","0","1","12","False",""
"217","slide217","title-only","Title Only","1","0","0","0","40","False",""
"218","slide218","two-col","2 Column with Logo","1","0","0","0","24","True",""
"219","slide219","title-only","Title Only","3","0","0","2","19","False",""
"220","slide220","one-col","1 Column With Logo Layout","0","0","0","0","36","False",""
"221","slide221","two-col","2 Column with Logo","4","0","0","0","32","False",""
"222","slide222","title-only","Title Only","3","0","0","0","18","False",""
"223","slide223","one-col","1 Column With Logo Layout","0","0","0","0","34","False",""
"224","slide224","two-col","2 Column with Logo","3","0","0","0","27","False",""
"225","slide225","title-only","Title Only","3","0","0","3","16","False",""
"226","slide226","two-col","2 Column with Logo","2","0","0","0","15","False",""
"227","slide227","title-only","Title Only","2","0","0","0","20","False",""
"228","slide228","two-col","2 Column with Logo","1","0","0","0","31","False",""
"229","slide229","two-col","2 Column with Logo","2","0","0","0","26","False",""
"230","slide230","title-only","Title Only","4","0","0","2","31","False",""
"231","slide231","two-col","2 Column with Logo","2","0","0","0","38","False",""
"232","slide232","one-col","1 Column With Logo Layout","0","0","0","0","30","False",""
"233","slide233","two-col","2 Column with Logo","2","0","0","0","13","False",""
"234","slide234","one-col","1 Column With Logo Layout","0","0","0","0","32","False",""
"235","slide235","two-col","2 Column with Logo","3","0","0","1","13","False",""
"236","slide236","divider","Chapter/Section Page","0","0","0","0","0","False",""
"237","slide237","title-only","Title Only","2","0","0","1","29","False",""
"238","slide238","two-col","2 Column with Logo","1","0","0","0","12","False",""
"239","slide239","two-col","2 Column with Logo","1","0","0","0","16","False",""
"240","slide240","two-col","2 Column with Logo","3","0","0","0","25","False",""
"241","slide241","three-photo","3 Photo 3 Column with logo","3","0","0","3","24","False",""
"242","slide242","one-col","1 Column With Logo Layout","0","0","0","0","40","False",""
"243","slide243","title-only","Title Only","2","0","0","2","26","False",""
"244","slide244","three-photo","3 Photo 3 Column with logo","3","0","0","3","27","False",""
"245","slide245","three-photo","3 Photo 3 Column with logo","3","0","0","3","31","False",""
"246","slide246","one-col","1 Column With Logo Layout","0","0","0","0","43","False",""
"247","slide247","divider","Chapter/Section Page","0","0","0","0","0","False",""
"248","slide248","title-only","Title Only","3","0","0","0","40","False",""
"249","slide249","title-only","Title Only","2","0","0","2","20","False",""
"250","slide250","title-only","Title Only","1","0","0","5","16","False",""
"251","slide251","two-col","2 Column with Logo","1","0","0","0","15","False",""
"252","slide252","title-only","Title Only","1","0","0","0","30","False",""
"253","slide253","two-col","2 Column with Logo","3","0","0","2","12","False",""
"254","slide254","two-col","2 Column with Logo","2","0","0","2","32","False",""
"255","slide255","title-only","Title Only","3","0","0","0","27","False",""
"256","slide256","three-photo","3 Photo 3 Column with logo","2","0","0","3","34","False",""
"257","slide257","two-col","2 Column with Logo","2","0","0","1","38","False",""
"258","slide258","one-col","1 Column With Logo Layout","0","0","0","0","27","False",""
"259","slide259","two-col","2 Column with Logo","0","0","0","14","16","False","svg-rebuilt"
"260","slide260","one-col","1 Column With Logo Layout","1","0","0","0","23","False",""
"261","slide261","two-col","2 Column with Logo","1","0","0","0","29","False",""
"262","slide262","title-only","Title Only","1","0","0","0","30","False",""
"263","slide263","title-only","Title Only","2","0","0","2","25","False",""
"264","slide264","three-photo","3 Photo 3 Column with logo","2","0","0","2","33","False",""
"265","slide265","title-only","Title Only","3","0","0","0","27","False",""
"266","slide266","three-photo","3 Photo 3 Column with logo","3","0","0","2","21","False",""
"267","slide267","title-only","Title Only","2","0","0","4","44","False",""
"268","slide268","two-col","2 Column with Logo","3","0","0","1","26","False",""
"269","slide269","one-col","1 Column With Logo Layout","1","0","0","1","16","False",""
"270","slide270","two-col","2 Column with Logo","1","0","0","1","26","False",""
"271","slide271","three-photo","3 Photo 3 Column with logo","2","0","0","2","23","False",""
"272","slide272","one-col","1 Column With Logo Layout","0","0","0","0","35","False",""
"273","slide273","title-only","Title Only","1","0","0","2","17","False",""
"274","slide274","two-col","2 Column with Logo","1","0","0","0","15","False",""
"275","slide275","title-only","Title Only","1","0","0","0","30","False",""
"276","slide276","two-col","2 Column with Logo","1","0","0","0","36","False",""
"277","slide277","two-col","2 Column with Logo","1","0","0","0","32","False",""
"278","slide278","two-col","2 Column with Logo","1","0","0","0","34","False",""
"279","slide279","two-col","2 Column with Logo","2","0","0","0","37","False",""
"280","slide280","title-only","Title Only","1","0","0","0","27","False",""
"281","slide281","two-col","2 Column with Logo","2","0","0","0","30","False",""
"282","slide282","one-col","1 Column Without Logo Layout","3","0","0","0","34","False",""
"283","slide283","two-col","2 Column with Logo","1","0","0","0","34","False",""
"284","slide284","two-col","2 Column with Logo","0","0","0","14","19","False","svg-rebuilt"
"285","slide285","two-col","2 Column with Logo","2","0","0","0","22","False",""
"286","slide286","one-col","1 Column With Logo Layout","0","0","0","0","35","False",""
"287","slide287","two-col","2 Column with Logo","2","0","0","39","31","False",""
"288","slide288","title-only","Title Only","1","0","0","0","30","False",""
"289","slide289","one-col","1 Column With Logo Layout","4","0","0","4","18","False",""
"290","slide290","one-col","1 Column With Logo Layout","0","0","0","0","41","False",""
"291","slide291","divider","Chapter/Section Page","0","0","0","0","0","False",""
"292","slide292","title-only","Title Only","1","0","0","0","46","False",""
"293","slide293","one-col","1 Column Without Logo Layout","0","0","0","0","30","False",""
"294","slide294","one-col","1 Column With Logo Layout","0","0","0","16","16","False","svg-rebuilt"
"295","slide295","two-col","2 Column with Logo","0","0","0","66","37","False","svg-rebuilt"
"296","slide296","one-col","1 Column Without Logo Layout","0","0","0","0","32","True",""
"297","slide297","two-col","2 Column with Logo","0","0","0","15","34","False","svg-rebuilt"
"298","slide298","title-only","Title Only","1","0","1","0","38","False","ole-fallback"
"299","slide299","two-col","2 Column with Logo","1","0","1","0","35","False","ole-fallback"
"300","slide300","title-only","Title Only","1","0","1","0","38","False","ole-fallback"
"301","slide301","two-col","2 Column with Logo","1","0","1","0","33","False","ole-fallback"
"302","slide302","one-col","1 Column Without Logo Layout","0","0","0","0","31","False",""
"303","slide303","one-col","1 Column With Logo Layout","0","0","0","15","39","False",""
"304","slide304","two-col","2 Column with Logo","0","0","0","21","25","False","svg-rebuilt"
"305","slide305","title-only","Title Only","1","0","1","0","40","False","ole-fallback"
"306","slide306","title-only","Title Only","1","0","1","0","41","False","ole-fallback"
"307","slide307","one-col","1 Column With Logo Layout","0","0","0","0","41","False",""
"308","slide308","divider","Chapter/Section Page","0","0","0","0","0","False",""
"309","slide309","title-only","Title Only","1","0","0","4","17","False",""
"310","slide310","three-photo","3 Photo 3 Column with logo","3","0","0","2","27","False",""
"311","slide311","title-only","Title Only","1","0","0","2","22","False",""
"312","slide312","two-col","2 Column with Logo","1","0","1","0","25","False","ole-fallback"
"313","slide313","one-col","1 Column With Logo Layout","0","0","0","0","37","False",""
"314","slide314","one-col","1 Column With Logo Layout","1","0","0","0","18","False",""
"315","slide315","one-col","1 Column With Logo Layout","0","0","0","0","31","True",""
"316","slide316","one-col","1 Column With Logo Layout","1","0","0","6","18","False",""
"317","slide317","two-col","2 Column with Logo","2","0","0","0","14","False",""
"318","slide318","one-col","1 Column With Logo Layout","2","0","0","2","40","False",""
"319","slide319","one-col","1 Column With Logo Layout","2","1","0","1","5","False",""
"320","slide320","two-col","2 Column with Logo","1","0","0","0","42","False",""
"321","slide321","title-only","Title Only","2","0","0","0","31","False",""
"322","slide322","one-col","1 Column With Logo Layout","2","0","0","2","12","False",""
"323","slide323","two-col","2 Column with Logo","3","0","0","0","17","False",""
"324","slide324","one-col","1 Column With Logo Layout","0","0","0","0","34","False",""
"325","slide325","title-only","Title Only","3","0","0","14","19","False","svg-rebuilt"
"326","slide326","title-only","Title Only","1","0","1","0","13","False","ole-fallback"
"327","slide327","one-col","1 Column With Logo Layout","0","0","0","0","37","False",""
"328","slide328","title-only","Title Only","1","0","0","0","16","False",""
"329","slide329","title-only","Title Only","1","0","0","0","6","False",""
"330","slide330","two-col","2 Column with Logo","1","0","0","0","29","False",""
"331","slide331","three-photo","3 Photo 3 Column without logo","3","0","0","2","35","False",""
"332","slide332","three-photo","3 Photo 3 Column with logo","3","0","0","4","32","False",""
"333","slide333","title-only","Title Only","2","0","0","1","33","False",""
"334","slide334","three-photo","3 Photo 3 Column with logo","3","0","0","3","42","False",""
"335","slide335","title-only","Title Only","2","0","0","3","39","False",""
"336","slide336","three-photo","3 Photo 3 Column with logo","3","0","0","3","40","False",""
"337","slide337","one-col","1 Column With Logo Layout","0","0","0","0","32","False",""
"338","slide338","title-only","Title Only","2","0","0","2","27","False",""
"339","slide339","title-only","Title Only","3","1","0","0","27","False",""
"340","slide340","title-only","Title Only","2","0","0","1","30","False",""
"341","slide341","two-col","2 Column with Logo","3","0","0","0","31","False",""
"342","slide342","two-col","2 Column with Logo","3","0","0","0","36","False",""
"343","slide343","title-only","Title Only","3","0","0","3","33","False",""
"344","slide344","title-only","Title Only","1","0","0","0","44","False",""
"345","slide345","one-col","1 Column With Logo Layout","0","0","0","0","26","False",""
"346","slide346","divider","Chapter/Section Page","0","0","0","0","0","False",""
"347","slide347","one-col","1 Column With Logo Layout","1","0","0","1","30","False",""
"348","slide348","two-col","2 Column with Logo","1","0","0","1","38","False",""
"349","slide349","two-col","2 Column with Logo","1","0","0","0","29","False",""
"350","slide350","two-col","2 Column with Logo","1","0","0","0","25","False",""
"351","slide351","two-col","2 Column with Logo","4","0","0","4","18","False",""
"352","slide352","one-col","1 Column Without Logo Layout","0","0","0","0","52","False",""
"353","slide353","two-col","2 Column with Logo","1","0","0","0","37","False",""
"354","slide354","one-col","1 Column With Logo Layout","0","0","0","0","47","False",""
"355","slide355","two-col","2 Column with Logo","4","0","0","4","24","False",""
"356","slide356","one-col","1 Column With Logo Layout","1","0","0","0","41","False",""
"357","slide357","one-col","1 Column With Logo Layout","0","0","0","0","36","False",""
"358","slide358","divider","Chapter/Section Page","0","0","0","0","0","False",""
"359","slide359","one-col","1 Column With Logo Layout","2","0","0","0","37","False",""
"360","slide360","two-col","2 Column with Logo","2","1","0","0","35","False",""
"361","slide361","one-col","1 Column With Logo Layout","4","0","0","0","37","False",""
"362","slide362","one-col","1 Column With Logo Layout","2","0","0","0","37","False",""
"363","slide363","two-col","2 Column with Logo","2","1","0","0","33","False",""
"364","slide364","one-col","1 Column With Logo Layout","4","0","0","0","39","False",""
"365","slide365","one-col","1 Column With Logo Layout","2","0","0","0","26","False",""
"366","slide366","one-col","1 Column With Logo Layout","0","0","0","0","25","False",""
"367","slide367","one-col","1 Column With Logo Layout","0","0","0","0","36","False",""
"368","slide368","one-col","1 Column With Logo Layout","11","0","0","0","43","False",""
"369","slide369","one-col","1 Column With Logo Layout","0","0","0","0","47","False",""
"370","slide370","two-col","2 Column with Logo","2","0","0","0","42","False",""
"371","slide371","two-col","2 Column with Logo","2","0","0","0","34","False",""
"372","slide372","one-col","1 Column Without Logo Layout","2","0","0","0","44","False",""
"373","slide373","two-col","2 Column with Logo","1","0","0","0","47","False",""
"374","slide374","one-col","1 Column With Logo Layout","0","0","0","0","47","False",""
"375","slide375","one-col","1 Column With Logo Layout","1","0","0","0","46","False",""
"376","slide376","one-col","1 Column With Logo Layout","4","0","0","0","46","False",""
"377","slide377","two-col","2 Column with Logo","2","0","0","0","39","False",""
"378","slide378","one-col","1 Column With Logo Layout","0","1","0","0","36","False",""
"379","slide379","two-col","2 Column with Logo","4","0","0","3","53","False",""
"380","slide380","one-col","1 Column With Logo Layout","3","0","0","0","48","False",""
"381","slide381","two-col","2 Column with Logo","2","0","0","0","37","False",""
"382","slide382","two-col","2 Column with Logo","2","0","0","0","41","False",""
"383","slide383","title-only","Title Only","2","0","0","0","40","False",""
"384","slide384","one-col","1 Column With Logo Layout","0","1","0","0","45","False",""
"385","slide385","one-col","1 Column With Logo Layout","0","0","0","0","42","False",""
"386","slide386","two-col","2 Column with Logo","1","0","0","0","26","False",""
"387","slide387","one-col","1 Column With Logo Layout","0","0","0","0","50","False",""
"388","slide388","one-col","1 Column With Logo Layout","0","0","0","0","40","False",""
"389","slide389","divider","Chapter/Section Page","0","0","0","0","0","False",""
"390","slide390","blank","Blank White","1","0","0","0","0","False",""
"391","slide391","blank","Blank White","1","0","0","0","0","False",""
"392","slide392","blank","Blank White","1","0","0","0","0","False",""
"393","slide393","blank","Blank White","1","0","0","0","0","False",""
"394","slide394","blank","Blank White","1","0","0","0","0","False",""
"395","slide395","blank","Blank White","1","0","0","0","0","False",""
"396","slide396","divider","Chapter/Section Page","0","0","0","0","0","False",""
"397","slide397","blank","Blank White","1","0","0","0","0","False",""
"398","slide398","blank","Blank White","1","0","0","0","0","False",""
"399","slide399","blank","Blank White","1","0","0","0","0","False",""
"400","slide400","blank","Blank White","1","0","0","0","0","False",""
"401","slide401","blank","Blank White","1","0","0","0","0","False",""
"402","slide402","blank","Blank White","1","0","0","0","0","False",""
"403","slide403","blank","Blank White","1","0","0","0","0","False",""
"404","slide404","divider","Chapter/Section Page","0","0","0","0","0","False",""
"405","slide405","one-col","1 Column With Logo Layout","0","0","0","0","17","False",""
"406","slide406","blank","Blank White","1","0","0","0","0","False",""
"407","slide407","blank","Blank White","1","0","0","0","0","False",""
"408","slide408","blank","Blank White","1","0","0","0","0","False",""
"409","slide409","blank","Blank White","1","0","0","0","0","False",""
"410","slide410","breaker","Breaker Emerson Blue","0","0","0","1","10","False",""
"411","slide411","one-col","1 Column Without Logo Layout","1","0","0","1","25","True",""
"412","slide412","one-col","1 Column With Logo Layout","1","0","0","1","44","True",""
"413","slide413","one-col","1 Column With Logo Layout","8","0","0","12","13","True",""
"414","slide414","two-col","2 Column Heading with Logo","4","0","0","4","10","False",""
"415","slide415","one-col","1 Column With Logo Layout","0","0","0","0","22","False",""
"416","slide416","blank","Blank White","2","0","2","0","0","False","ole-fallback"
"417","slide417","blank","Blank White","1","0","1","0","0","False","ole-fallback"
"418","slide418","blank","Blank White","0","0","0","1","0","False",""
